{
    "properties": {
        "lenses": {
            "0": {
                "order": 0,
                "parts": {
                    "0": {
                        "position": {
                            "x": 0,
                            "y": 0,
                            "rowSpan": 2,
                            "colSpan": 3
                        },
                        "metadata": {
                            "inputs": [],
                            "type": "Extension[azure]/HubsExtension/PartType/MarkdownPart",
                            "settings": {
                                "content": {
                                    "settings": {
                                        "content": "## Azure Virtual Machines Overview\r\nNew team members should watch this video to get familiar with Azure Virtual Machines.",
                                        "title": "",
                                        "subtitle": ""
                                    }
                                }
                            }
                        }
                    },
                    "1": {
                        "position": {
                            "x": 3,
                            "y": 0,
                            "rowSpan": 4,
                            "colSpan": 8
                        },
                        "metadata": {
                            "inputs": [],
                            "type": "Extension[azure]/HubsExtension/PartType/MarkdownPart",
                            "settings": {
                                "content": {
                                    "settings": {
                                        "content": "This is the team dashboard for the test VM we use on our team. Here are some useful links:\r\n\r\n1. [Azure portal documentation](https://docs.microsoft.com/azure/azure-portal/)\r\n1. [The structure of Azure Dashboards](https://docs.microsoft.com/azure/azure-portal/azure-portal-dashboards-structure)\r\n1. [Microsoft Azure PowerShell: Portal Dashboard cmdlets](https://docs.microsoft.com/powershell/module/Az.Portal/)",
                                        "title": "<dashboardTitle>",
                                        "subtitle": "Test SubTitle"
                                    }
                                }
                            }
                        }
                    },
                    "2": {
                        "position": {
                            "x": 0,
                            "y": 2,
                            "rowSpan": 2,
                            "colSpan": 3
                        },
                        "metadata": {
                            "inputs": [],
                            "type": "Extension[azure]/HubsExtension/PartType/VideoPart",
                            "settings": {
                                "content": {
                                    "settings": {
                                        "title": "",
                                        "subtitle": "",
                                        "src": "https://www.youtube.com/watch?v=GetnBRKNXco",
                                        "autoplay": false
                                    }
                                }
                            }
                        }
                    },
                    "3": {
                        "position": {
                            "x": 0,
                            "y": 4,
                            "rowSpan": 3,
                            "colSpan": 11
                        },
                        "metadata": {
                            "inputs": [
                                {
                                    "name": "queryInputs",
                                    "value": {
                                        "timespan": {
                                            "duration": "PT1H",
                                            "start": null,
                                            "end": null
                                        },
                                        "id": "/subscriptions/<subscriptionID>/resourceGroups/<rgName>/providers/Microsoft.Compute/virtualMachines/<vmName>",
                                        "chartType": 0,
                                        "metrics": [
                                            {
                                                "name": "Percentage CPU",
                                                "resourceId": "/subscriptions/<subscriptionID>/resourceGroups/<rgName>/providers/Microsoft.Compute/virtualMachines/<vmName>"
                                            }
                                        ]
                                    }
                                }
                            ],
                            "type": "Extension/Microsoft_Azure_Monitoring/PartType/MetricsChartPart",
                            "settings": {}
                        }
                    },
                    "4": {
                        "position": {
                            "x": 0,
                            "y": 7,
                            "rowSpan": 2,
                            "colSpan": 3
                        },
                        "metadata": {
                            "inputs": [
                                {
                                    "name": "queryInputs",
                                    "value": {
                                        "timespan": {
                                            "duration": "PT1H",
                                            "start": null,
                                            "end": null
                                        },
                                        "id": "/subscriptions/<subscriptionID>/resourceGroups/<rgName>/providers/Microsoft.Compute/virtualMachines/<vmName>",
                                        "chartType": 0,
                                        "metrics": [
                                            {
                                                "name": "Disk Read Operations/Sec",
                                                "resourceId": "/subscriptions/<subscriptionID>/resourceGroups/<rgName>/providers/Microsoft.Compute/virtualMachines/<vmName>"
                                            },
                                            {
                                                "name": "Disk Write Operations/Sec",
                                                "resourceId": "/subscriptions/<subscriptionID>/resourceGroups/<rgName>/providers/Microsoft.Compute/virtualMachines/<vmName>"
                                            }
                                        ]
                                    }
                                }
                            ],
                            "type": "Extension/Microsoft_Azure_Monitoring/PartType/MetricsChartPart",
                            "settings": {}
                        }
                    },
                    "5": {
                        "position": {
                            "x": 3,
                            "y": 7,
                            "rowSpan": 2,
                            "colSpan": 3
                        },
                        "metadata": {
                            "inputs": [
                                {
                                    "name": "queryInputs",
                                    "value": {
                                        "timespan": {
                                            "duration": "PT1H",
                                            "start": null,
                                            "end": null
                                        },
                                        "id": "/subscriptions/<subscriptionID>/resourceGroups/<rgName>/providers/Microsoft.Compute/virtualMachines/<vmName>",
                                        "chartType": 0,
                                        "metrics": [
                                            {
                                                "name": "Disk Read Bytes",
                                                "resourceId": "/subscriptions/<subscriptionID>/resourceGroups/<rgName>/providers/Microsoft.Compute/virtualMachines/<vmName>"
                                            },
                                            {
                                                "name": "Disk Write Bytes",
                                                "resourceId": "/subscriptions/<subscriptionID>/resourceGroups/<rgName>/providers/Microsoft.Compute/virtualMachines/<vmName>"
                                            }
                                        ]
                                    }
                                }
                            ],
                            "type": "Extension/Microsoft_Azure_Monitoring/PartType/MetricsChartPart",
                            "settings": {}
                        }
                    },
                    "6": {
                        "position": {
                            "x": 6,
                            "y": 7,
                            "rowSpan": 2,
                            "colSpan": 3
                        },
                        "metadata": {
                            "inputs": [
                                {
                                    "name": "queryInputs",
                                    "value": {
                                        "timespan": {
                                            "duration": "PT1H",
                                            "start": null,
                                            "end": null
                                        },
                                        "id": "/subscriptions/<subscriptionID>/resourceGroups/<rgName>/providers/Microsoft.Compute/virtualMachines/<vmName>",
                                        "chartType": 0,
                                        "metrics": [
                                            {
                                                "name": "Network In",
                                                "resourceId": "/subscriptions/<subscriptionID>/resourceGroups/<rgName>/providers/Microsoft.Compute/virtualMachines/<vmName>"
                                            },
                                            {
                                                "name": "Network Out",
                                                "resourceId": "/subscriptions/<subscriptionID>/resourceGroups/<rgName>/providers/Microsoft.Compute/virtualMachines/<vmName>"
                                            }
                                        ]
                                    }
                                }
                            ],
                            "type": "Extension/Microsoft_Azure_Monitoring/PartType/MetricsChartPart",
                            "settings": {}
                        }
                    },
                    "7": {
                        "position": {
                            "x": 9,
                            "y": 7,
                            "rowSpan": 2,
                            "colSpan": 2
                        },
                        "metadata": {
                            "inputs": [
                                {
                                    "name": "id",
                                    "value": "/subscriptions/<subscriptionID>/resourceGroups/<rgName>/providers/Microsoft.Compute/virtualMachines/<vmName>"
                                }
                            ],
                            "type": "Extension/Microsoft_Azure_Compute/PartType/VirtualMachinePart",
                            "asset": {
                                "idInputName": "id",
                                "type": "VirtualMachine"
                            },
                            "defaultMenuItemId": "overview"
                        }
                    }
                }
            }
        },
        "metadata": {
            "model": {
                "timeRange": {
                    "value": {
                        "relative": {
                            "duration": 24,
                            "timeUnit": 1
                        }
                    },
                    "type": "MsPortalFx.Composition.Configuration.ValueTypes.TimeRange"
                }
            }
        }
    },
    "id": "/subscriptions/<subscriptionID>/resourceGroups/dashboards/providers/Microsoft.Portal/dashboards/5f4c6d95-06c3-4d03-bea2-1ca1b729ae33",
    "name": "5f4c6d95-06c3-4d03-bea2-1ca1b729ae33",
    "type": "Microsoft.Portal/dashboards",
    "location": "<location>",
    "tags": {
        "hidden-title": "<dashboardTitle>"
    }
}
